{"cameraMode":{"drawMode":0,"name":"Shaded","section":"Shading Mode"},"sceneLighting":true,"audioPlay":false,"sceneViewState":{"m_AlwaysRefresh":false,"showFog":true,"showSkybox":true,"showFlares":true,"showImageEffects":true,"showParticleSystems":true,"showVisualEffectGraphs":true,"m_FxEnabled":true},"in2DMode":false,"pivot":{"x":1.3472297191619874,"y":1.0702935457229615,"z":5.126685619354248},"rotation":{"x":-0.0198060292750597,"y":0.015593605116009713,"z":-0.00031020070309750736,"w":-0.9996857047080994},"size":1.9225587844848633,"orthographic":false}